Attribute,N_Networks,Mean,Median,Std,Min,Max,Positive_%
degree,100,0.0626092414953715,0.0646818742890711,0.052864738284487296,-0.06617072568577184,0.19687582879277638,89.0
dorm,100,0.17509777185545705,0.17265503951771727,0.05773221239128142,0.07481425548102764,0.4160109539685949,100.0
gender,100,0.04294877568463493,0.04669142017949847,0.03857308135540926,-0.08249330495373783,0.12471975682504899,89.0
