Network,Nodes,Edges,Global_Clustering,Mean_Local_Clustering,Density,Is_Sparse
Caltech,762,16651,0.2912809635141533,0.4091173048334612,0.05742892519512591,Yes
MIT,6402,251230,0.1802884023054581,0.27235999658838644,0.012261341741110527,Yes
Johns Hopkins,5157,186572,0.19316115952994883,0.26900836180589566,0.0140335136902954,Yes
